{

    "metadata" :
    {
        "formatVersion" : 3,
        "sourceFile"    : "_wheel.obj",
        "generatedBy"   : "OBJConverter",
        "vertices"      : 226,
        "faces"         : 149,
        "normals"       : 139,
        "colors"        : 0,
        "uvs"           : 152,
        "materials"     : 1
    },

    "scale" : 1.000000,

    "materials": [	{
	"DbgColor" : 15658734,
	"DbgIndex" : 0,
	"DbgName" : "Material__6378_",
	"colorAmbient" : [0.0, 0.0, 0.0],
	"colorDiffuse" : [0.48, 0.48, 0.48],
	"colorSpecular" : [0.45, 0.45, 0.45],
	"illumination" : 2,
	"mapDiffuse" : "car1-diff.jpg",
	"opticalDensity" : 1.0,
	"specularCoef" : 0.0,
	"transparency" : 1.0
	}],

    "vertices": [-0.085717,0.000000,-0.163914,-0.085717,0.056062,-0.154029,-0.085717,0.105362,-0.125566,-0.085717,0.141954,-0.081957,-0.085717,0.161424,-0.028463,-0.085717,0.161424,0.028464,-0.085717,0.141954,0.081958,-0.085717,0.105362,0.125566,-0.085717,0.056062,0.154030,-0.085717,0.000000,0.163915,-0.085717,-0.056063,0.154030,-0.085717,-0.105363,0.125566,-0.085717,-0.141955,0.081958,-0.085717,-0.161425,0.028464,-0.085717,-0.161425,-0.028463,-0.085717,-0.141955,-0.081957,-0.085717,-0.105363,-0.125566,-0.085717,-0.056063,-0.154029,0.072296,0.000000,-0.163914,0.072296,0.056062,-0.154029,0.072296,0.105362,-0.125566,0.072296,0.141954,-0.081957,0.072296,0.161424,-0.028463,0.072296,0.161424,0.028464,0.072296,0.141954,0.081958,0.072296,0.105362,0.125566,0.072296,0.056062,0.154030,0.072296,0.000000,0.163915,0.072296,-0.056063,0.154030,0.072296,-0.105363,0.125566,0.072296,-0.141955,0.081958,0.072296,-0.161425,0.028464,0.072296,-0.161425,-0.028463,0.072296,-0.141955,-0.081957,0.072296,-0.105363,-0.125566,0.072296,-0.056063,-0.154029,0.012359,-0.064826,-0.178107,0.012359,-0.164145,-0.094769,0.012359,-0.186659,0.032913,0.012359,-0.121833,0.145195,0.012359,0.000000,0.189538,0.012359,0.121832,0.145195,0.012359,0.186658,0.032913,0.012359,0.164144,-0.094769,0.012359,0.064825,-0.178107,-0.085717,0.000000,-0.302562,-0.085717,0.103482,-0.284315,-0.085717,0.194483,-0.231776,-0.085717,0.262026,-0.151281,-0.085717,0.297965,-0.052539,-0.085717,0.297965,0.052540,-0.085717,0.262026,0.151281,-0.085717,0.194483,0.231776,-0.085717,0.103482,0.284316,-0.085717,0.000000,0.302562,-0.085717,-0.103483,0.284316,-0.085717,-0.194484,0.231776,-0.085717,-0.262027,0.151281,-0.085717,-0.297966,0.052540,-0.085717,-0.297966,-0.052539,-0.085717,-0.262027,-0.151281,-0.085717,-0.194483,-0.231776,-0.085717,-0.103483,-0.284315,0.082213,0.000000,-0.195586,0.082213,0.066894,-0.183791,0.082213,0.125720,-0.149828,0.082213,0.169382,-0.097793,0.082213,0.192615,-0.033963,0.082213,0.192614,0.033964,0.082213,0.169382,0.097793,0.082213,0.125720,0.149828,0.082213,0.066894,0.183791,0.082213,0.000000,0.195587,0.082213,-0.066895,0.183791,0.082213,-0.125721,0.149828,0.082213,-0.169383,0.097793,0.082213,-0.192615,0.033964,0.082213,-0.192615,-0.033963,0.082213,-0.169383,-0.097793,0.082213,-0.125721,-0.149828,0.082213,-0.066895,-0.183791,0.072296,0.000000,-0.163914,0.072296,0.056062,-0.154029,0.072296,0.105362,-0.125566,0.072296,0.141954,-0.081957,0.072296,0.161424,-0.028463,0.072296,0.161424,0.028464,0.072296,0.141954,0.081958,0.072296,0.105362,0.125566,0.072296,0.056062,0.154030,0.072296,0.000000,0.163915,0.072296,-0.056063,0.154030,0.072296,-0.105363,0.125566,0.072296,-0.141955,0.081958,0.072296,-0.161425,0.028464,0.072296,-0.161425,-0.028463,0.072296,-0.141955,-0.081957,0.072296,-0.105363,-0.125566,0.072296,-0.056063,-0.154029,0.074909,-0.023451,-0.064429,0.074909,0.023450,-0.064429,0.074909,0.059378,-0.034282,0.074909,0.067522,0.011906,0.074909,0.044072,0.052523,0.074909,0.000000,0.068564,0.074909,-0.044072,0.052523,0.074909,-0.067523,0.011906,0.074909,-0.059378,-0.034282,0.048274,0.000000,-0.000000,0.082725,0.103482,-0.284315,0.082725,0.000000,-0.302562,0.082725,0.194483,-0.231776,0.082725,0.262026,-0.151281,0.082725,0.297965,-0.052539,0.082725,0.297965,0.052540,0.082725,0.262026,0.151281,0.082725,0.194483,0.231776,0.082725,0.103482,0.284316,0.082725,0.000000,0.302562,0.082725,-0.103483,0.284316,0.082725,-0.194484,0.231776,0.082725,-0.262027,0.151281,0.082725,-0.297966,0.052540,0.082725,-0.297966,-0.052539,0.082725,-0.262027,-0.151281,0.082725,-0.194483,-0.231776,0.082725,-0.103483,-0.284315,0.091805,0.000000,-0.285474,0.091805,0.097637,-0.268257,0.091805,0.183499,-0.218685,0.091805,0.247227,-0.142737,0.091805,0.281136,-0.049572,0.091805,0.281136,0.049572,0.091805,0.247227,0.142737,0.091805,0.183499,0.218686,0.091805,0.097637,0.268258,0.091805,0.000000,0.285474,0.091805,-0.097638,0.268258,0.091805,-0.183500,0.218686,0.091805,-0.247228,0.142737,0.091805,-0.281137,0.049572,0.091805,-0.281137,-0.049572,0.091805,-0.247228,-0.142737,0.091805,-0.183499,-0.218685,0.091805,-0.097638,-0.268257,0.074909,-0.023451,-0.064429,0.074909,0.023450,-0.064429,0.074909,0.059378,-0.034282,0.074909,0.067522,0.011906,0.074909,0.044072,0.052523,0.074909,0.000000,0.068564,0.074909,-0.044072,0.052523,0.074909,-0.067523,0.011906,0.074909,-0.059378,-0.034282,0.008403,-0.024487,-0.067277,0.008403,0.024487,-0.067277,0.008403,0.062003,-0.035797,0.008403,0.070507,0.012433,0.008403,0.046020,0.054845,0.008403,0.000000,0.071596,0.008403,-0.046021,0.054845,0.008403,-0.070508,0.012433,0.008403,-0.062004,-0.035797,0.082725,0.103482,-0.284315,0.082725,0.194483,-0.231776,0.082725,0.262026,-0.151281,0.082725,0.297965,-0.052539,0.082725,0.297965,0.052540,0.082725,0.262026,0.151281,0.082725,0.194483,0.231776,0.082725,0.103482,0.284316,0.082725,0.000000,0.302562,0.082725,-0.103483,0.284316,0.082725,-0.194484,0.231776,0.082725,-0.262027,0.151281,0.082725,-0.297966,0.052540,0.082725,-0.297966,-0.052539,0.082725,-0.262027,-0.151281,0.082725,-0.194483,-0.231776,0.082725,-0.103483,-0.284315,0.082725,0.000000,-0.302562,-0.085717,0.000000,-0.302562,-0.085717,-0.103483,-0.284315,-0.085717,-0.194483,-0.231776,-0.085717,-0.262027,-0.151281,-0.085717,-0.297966,-0.052539,-0.085717,-0.297966,0.052540,-0.085717,-0.262027,0.151281,-0.085717,-0.194484,0.231776,-0.085717,-0.103483,0.284316,-0.085717,0.000000,0.302562,-0.085717,0.103482,0.284316,-0.085717,0.194483,0.231776,-0.085717,0.262026,0.151281,-0.085717,0.297965,0.052540,-0.085717,0.297965,-0.052539,-0.085717,0.262026,-0.151281,-0.085717,0.194483,-0.231776,-0.085717,0.103482,-0.284315,0.082213,0.125720,-0.149828,0.082213,0.066894,-0.183791,0.082213,0.000000,-0.195586,0.082213,-0.066895,-0.183791,0.082213,-0.125721,-0.149828,0.082213,-0.169383,-0.097793,0.082213,-0.192615,-0.033963,0.082213,-0.192615,0.033964,0.082213,-0.169383,0.097793,0.082213,-0.125721,0.149828,0.082213,-0.066895,0.183791,0.082213,0.000000,0.195587,0.082213,0.066894,0.183791,0.082213,0.125720,0.149828,0.082213,0.169382,0.097793,0.082213,0.192614,0.033964,0.082213,0.192615,-0.033963,0.082213,0.169382,-0.097793,0.074909,-0.023451,-0.064429,0.074909,-0.059378,-0.034282,0.074909,-0.067523,0.011906,0.074909,-0.044072,0.052523,0.074909,0.000000,0.068564,0.074909,0.044072,0.052523,0.074909,0.067522,0.011906,0.074909,0.059378,-0.034282,0.074909,0.023450,-0.064429],

    "morphTargets": [],

    "morphColors": [],